4. FACILITY NAME,12. LATITUDE,13. LONGITUDE,116. PRODUCTION WSTE (8.1-8.7)
KERN ENERGY,35.295278,-118.921111,11004.43349
PHILLIPS 66 SAN FRANCISCO REFINERY,38.0436,-122.2532,824699.559095
TORRANCE REFINING CO LLC,33.854967,-118.336907,2017463.023
CHEVRON MONTEBELLO TERMINAL,34.00535,-118.12262,5719.2
VALERO REFINING CO-CALI FORNIA BENICIA REFINERY,38.07167,-122.13975,16785819.479999997
CALPORTLAND THORNE RMC,36.74855,-119.81306,585.1
CHEVRON PRODUCTS CO. DIV OF CHEVRON USA INC.,33.9082,-118.4085,4079506.486853
CLEAN HARBORS BUTTONWILLOW LLC,35.401811,-119.612789,13209905.105945999
QUIKRETE - FREMONT CA PLANT,37.5092,-121.996746,0.0
SOLAR TURBINES INC HARBOR DRIVE,32.727752,-117.176234,248353.7531
PURINA ANIMAL NUTRITION LLC - TURLOCK,37.48492,-120.83574,0.0
WATTS REGULATOR CO.,38.69531,-121.75145,54953.0
TTM TECHNOLOGIES N.A. LLC,33.71149,-117.92179,496221.19
TTM TECHNOLOGIES N.A. LLC,32.83421,-117.15925,169.05
TTM TECHNOLOGIES N.A. LLC,37.36263,-121.93983,142135.885
TTM TECHNOLOGIES N.A. LLC,33.85513,-117.85636,57629.01
TRIUMPH ACTUATION SYSTEMS,34.440495,-118.625791,34130.0
HOLLIDAY ROCK - SANTA CLARITA FACILITY,34.43192,-118.3845,0.128
KLUNE INDUSTRIES INC.,34.203717,-118.4138,19741.24115
HERAEUS PRECIOUS METALS NA LLC,33.88794,-118.04559,793425.02
PHILLIPS 66 CARBON PLANT,38.01592,-122.23716,88668.658991
NALCO CO - CARSON,33.83922,-118.23044,2333.460295
FUJIFILM ULTRA PURE SOLUTIONS INC.,36.75394,-121.74037,21822.910000000003
CORTEVA AGRISCIENCE LLC,38.023129,-121.855352,4714931.12
SCHUFF STEEL CO,37.93747,-121.32235,137329.44
NORTH HOLLYWOOD PLANT 22,34.20555,-118.41883,26.400096
TESORO EAST HYNES TERMINAL,33.861739,-118.159904,1060634.2
TESORO LOS ANGELES REFINERY-CARSON OPERATIONS,33.8099,-118.2383,2371671.2200000007
TESORO WILMINGTON CALCINER,33.7762,-118.2279,0.7999999999999999
PHILLIPS 66 CO-SANTA MARIA REFINERY,35.038889,-120.589722,131904.2511
REMO INC,34.44965,-118.62671,10.52
FORGED METALS INC,34.05982,-117.47128,232357.0
HOLLIDAY ROCK - IRVINE FACILITY,33.6952,-117.82015,0.085
BRENNTAG PACIFIC INC,33.937333,-118.060278,41292.0
BRENNTAG PACIFIC INC,33.95745,-118.1888,0.0
BRENNTAG PACIFIC INC,36.745063,-119.83556,0.0
AVIATION REPAIR SOLUTIONS INC,33.78529,-118.21381,1275.534
TELEDYNE RELAYS A DIV OF TELEDYNE DEFENSE ELECTRONICS,33.919218,-118.322112,448.80002
TESORO - VINVALE TERMINAL,33.95277,-118.16408,159063.01
ULTRAMAR INC WILMINGTON REFINERY,33.7783,-118.2351,18834341.281636
PHILLIPS 66 LOS ANGELES REFINERY WILMINGTON PLANT,33.774469,-118.290696,646779.40374
R&S PROCESSING CO INC,33.8904,-118.16542,0.0
NORMAN FOX & CO,33.99229,-118.21287,0.0
OLYMPUS TERMINALS LLC,33.80542,-118.22565,2721.99412
OLYMPUS TERMINALS LLC,33.751629,-118.208842,586.575455
AERC RECYCLING SOLUTIONS,37.61801,-122.0548,0.2
TECHNI-CAST CORP,33.92551,-118.16929,131649.35
U.S. NAVAL AIR STATION NORTH ISLAND,32.692783,-117.205267,43052.0
POLYCHEMIE INC,34.062207,-118.181206,5898.0
OKONITE CO INC,34.90602,-120.45306,1669108.0
GREIF INDUSTRIAL PACKAGING & SERVICES LLC,34.10419,-117.46025,12335.0
MARTINEZ REFINING CO LLC,38.016594,-122.115392,12699138.5834
CENTRAL VALLEY CHEESE,37.491831,-120.876678,48637.0
SILGAN CONTAINERS MFG CORP,38.510556,-121.467222,221441.76
SILGAN CONTAINERS MFG CORP,38.012354,-121.776464,488338.0
BAKER PETROLITE,35.400631,-119.052076,82943.4444
M. ARGUESO & CO. INC.,34.05978,-118.0731,195802.86
CAST-RITE CORP,33.88749,-118.26744,6000.0
PHILLIPS 66 LOS ANGELES REFINERY MARINE TERMINAL,33.754914,-118.270655,801.1
EVONIK CORP,34.01272,-118.21293,50910.0
OWENS CORNING ROOFING & ASPHALT LLC,33.90676,-118.22283,18.3446
RAYTHEON VISION SYSTEMS,34.43108,-119.86367,0.06728
RAYTHEON VISION SYSTEMS,34.66357,-120.4607,0.68
BABBITT BEARING CO INC,37.36051,-121.90296,281.0
CALPORTLAND CO MOJAVE PLANT,35.029298,-118.316236,6502.4231
NATIONAL CEMENT CO OF CALIFORNIA INC,34.820392,-118.749815,25356.0
US ECOLOGY VERNON INC.,33.994033,-118.215406,479022.77
TESORO - STOCKTON TERMINAL,37.942247,-121.334689,1120.1
CIREXX INTERNATIONAL,37.38198,-121.94852,300.25
MARTIN MARIETTA SOUTHERN CALIFORNIA CEMENT LLC - TEHACHAPI,35.12279,-118.369304,10687.1
DURA TECHNOLOGIES INC,34.05189,-117.37458,8769.0
EXCELSIOR INC.,36.774183,-119.685539,107894.0
EXCELSIOR INC.,36.79777,-119.696191,19705.0
VEOLIA ES TECHNICAL SOLUTIONS L.L.C.,34.12158,-117.93669,12458275.090999998
LUMILEDS LLC,37.383465,-121.933101,397984.0
THUNDERBOLT WOOD TREATING,37.7327,-120.93279,8843.0
HAWKER PACIFIC AEROSPACE,34.20119,-118.37631,5310.2
WILBUR ELLIS CO LLC RIO LINDA HUB,38.686872,-121.481652,0.0
CHERRY AEROSPACE,33.716353,-117.855996,136708.0
CHEVRON PRODUCTS CO RICHMOND REFINERY,37.938779,-122.396453,2461567.230479
AOC L.L.C.,33.8311,-117.26157,18741.870000000003
VISTA METALS CORP.,34.0946,-117.51326,64534.1593
AEROSPACE DYNAMICS INTERNATIONAL INC.,34.43398,-118.58331,38403.0
INTEL CORP SC1/2,37.37704,-121.97766,2.0
NASA JET PROPULSION LABORATORY,34.201185,-118.167434,0.0017
VERITIV OPERATING CO - CA515 WEST SACRAMENTO,38.550217,-121.56539,19.0
PHILLIPS 66 LOS ANGELES REFINERY CARSON PLANT,33.8048,-118.2431,336497.8
CYTEC SOLVAY COMPOSITE MATERIALS  ANAHEIM,33.86194,-117.86123,12231.0
PRC-DESOTO INTERNATIONAL INC.,34.9885,-118.15004,575218.49
AIR PRODUCTS & CHEMICALS INC.,33.812778,-118.231389,80208.0
AIR PRODUCTS & CHEMICALS INC.,33.780833,-118.241111,842266.0
METAL CONTAINER CORP-MIRA LOMA CAN PLANT,34.03031,-117.52116,485143.86699999997
GRISWOLD INDUSTRIES,33.63631,-117.9319,2491.1078
CHEVRON RICHMOND TECHNOLOGY CENTER,37.93047,-122.38944,9635.462562000002
TESORO HATHAWAY TERMINAL,33.79961,-118.155711,2755.5
FTG CIRCUITS,34.24807,-118.58587,260.0
U.S. MARINE CORPS TWENTYNINE PALMS AIR GROUND COMBAT CENTER,34.23123,-116.05622,120927.79999999999
GFP ETHANOL LLC DBA CALGREN RENEWABLE FUELS,36.00301,-119.303791,611151.64
CALIFORNIA NATURAL PRODUCTS,37.82638,-121.27323,224032.0
THE JANKOVICH CO SAN PEDRO FIXED FACILITY,33.727846,-118.274206,0.011689
BENCHMARK ELECTRONICS MANUFACTURING SOLUTIONS(MOORPARK) INC,34.28133,-118.86912,2993.0
OLDCASTLE PRECAST INC,37.16724,-121.68908,2.6
OLDCASTLE PRECAST INC,34.0602,-117.47563,83.6
OLDCASTLE PRECAST INC,37.67474,-121.86206,1755.8
OLDCASTLE PRECAST INC,37.110304,-120.251305,4.4
OLDCASTLE PRECAST INC,32.868225,-116.919999,16.5
OLDCASTLE PRECAST INC,37.930483,-121.232919,954.8
HIGHTOWER PLATING & MFG CO INC.,33.82244,-117.85306,1993.13
URETHANE POLYMERS INTERNATIONAL,34.05719,-117.46258,43833.0
FUTURE FOAM INC,33.861944,-117.885833,365.1
CHEMICAL COMPOUNDING CO,37.75617,-122.20351,58.0
MONOGRAM AEROSPACE FASTENERS,33.9839,-118.14055,37268.10764
CUSTOM ALLOY SALES INC.,34.057,-117.988,52263.944709999996
HONEYWELL INTERNATIONAL INC,33.85833,-118.32108,55014.606
SANMINA PLANT # 2,37.376596,-121.916705,140736.271
CALIFORNIA DAIRIES INC TIPTON,36.0094,-119.3054,738903.0
SENIOR AEROSPACE INC SSP DIV,34.201757,-118.34136,10525.103794999999
JENSEN PRECAST,38.15242,-121.16625,2.470652
JENSEN PRECAST,38.66716,-121.42915,1.431798
JENSEN PRECAST,34.07723,-117.49487,2.931172
CALPORTLAND ORO GRANDE PLANT,34.6045,-117.3382,238.6483
SOLVAY USA INC,33.843611,-118.216389,123602.0
LUNDAY-THAGARD CO DBA WORLD OIL REFINING,33.946295,-118.16704,138135.96099999998
THE PROCTER & GAMBLE PAPER PRODUCT CO,34.20915,-119.14208,107399.6061
NATIONAL READY MIX CONCRETE CO .,34.118747,-117.983375,0.2
NATIONAL READY MIX CONCRETE CO .,34.196883,-118.596616,19.0
NATIONAL READY MIX CONCRETE CO .,34.23246,-118.37615,19.9
NATIONAL READY MIX CONCRETE CO .,33.69449,-117.82121,35.6
NATIONAL READY MIX CONCRETE CO .,33.87309,-118.08376,25.2
NATIONAL READY MIX CONCRETE CO .,34.424746,-118.498445,0.0
NATIONAL READY MIX CONCRETE CO .,34.17937,-118.46419,18.3
NATIONAL READY MIX CONCRETE CO .,34.287554,-118.868042,15.5
NATIONAL READY MIX CONCRETE CO .,34.146825,-118.274021,23.4
LOCKHEED MARTIN AERONAUTICS CO,34.60263,-118.116485,164257.0573
TESORO MARINE TERMINAL 2,33.777711,-118.209574,8838.2
ARKEMA COATING RESINS PLANT,33.855598,-118.34999,22977.0
SHERWIN-WILLIAMS CO,34.476183,-117.282931,21535.7
SHERWIN-WILLIAMS CO,32.87761,-117.17152,3823.5
FXI INC. - ORANGE,33.82137,-117.86208,518.41
"CUNICO CORP, A BWXT COMPANY",33.78732,-118.21838,23486.31
JABIL INC,37.69705,-121.80788,782174.2399999999
TESLA INC,37.49634,-121.94826,2468945.64
TESLA INC,37.79983,-121.29663,40988.84
HOLLIDAY ROCK - ONTARIO,34.05485,-117.63194,0.07
TROPITONE FURNITURE CO,33.50976,-117.16679,0.0
KEYSIGHT TECHNOLOGIES INC,38.483229,-122.712621,44004.0
KEYSIGHT TECHNOLOGIES INC,38.801831,-121.315754,0.0
JB RADIATOR SPECIALITIES INC,38.50241,-121.39416,48807.52
ALTAIR PARAMOUNT LLC,33.899645,-118.15141,134911.90800000002
V & M AEROSPACE,33.90386,-118.26529,47221.0
CLEAN HARBORS SAN JOSE LLC,37.36493,-121.88451,95330.05592
VSPONE OPTICAL TECHNOLOGY CENTERS SACRAMENTO,38.652142,-121.185597,11852.4
AIR PRODUCTS WEST COAST HYDROGEN - HP-1,38.014387,-122.114422,6412777.018
EPMAR CORP,33.94704,-118.04814,2010.0
BAKERSFIELD RENEWABLE FUELS LLC - AREA 3,35.393611,-119.0525,0.007
HUDSON TECHNOLOGIES CO,34.041144,-117.64051,2574.0
ULTRAMAR INC. MARINE TERMINAL,33.75828,-118.26676,682.3
ROHM & HAAS CHEMICALS LLC,37.628889,-122.127222,27662.6
SPECTRUM LABORATORY PRODUCTS INC.,33.90006,-118.26857,1777.0
CEMEX ORANGE PLANT,33.81735,-117.86747,0.0
CALPORTLAND CO GAREY PLANT,34.88687,-120.29997,0.0
GOOGLE LLC,37.500477,-121.930882,52247.0
DOUGLAS PRODUCTS & PACKAGING CO,38.02199,-121.85609,1500.0
HALLWOOD PLANT,39.191954,-121.494534,0.122
SAN JOAQUIN REFINING CO INC,35.39511,-119.04652,1977.4183
COSTCO OPTICAL LAB #908,32.66332,-117.11397,663853.5
PHILLIPS 66 LOS ANGELES TERMINAL,33.90916,-118.27841,1942.1
E & J GALLO WINERY,37.381463,-120.805985,2402.0
GENERAL COATINGS MANUFACTURING CORP,36.69336,-119.76767,1825.0
CALEX MFG CO INC,37.98368,-122.04896,0.0
SMITHFIELD PACKAGED MEATS CORP.,34.007246,-118.21929,78800.0
PAVESTONE - WINTERS CA PLANT,38.538858,-121.954511,0.0
UNIVAR SOLUTIONS USA INC.,33.9925,-118.133056,2354.54
UNIVAR SOLUTIONS USA INC.,37.50396,-122.210381,2.4
UNIVAR SOLUTIONS USA INC.,36.350999,-119.373432,2.7
FOSTER FARMS LIVINGSTON COMPLEX,37.392,-120.725,6776309.0
SIERRA ALUMINUM CO PLANT II,34.03888,-117.51828,711274.0
DYNATECT RO-LAB INC.,37.69591,-121.41356,0.0
STREAMLINE CIRCUITS,37.36532,-121.95547,47758.119999999995
EQUILON SAN JOSE TERMINAL,37.395171,-121.909701,683.1
ORCHID MPS,33.72074,-117.9135,2229.0
INEOS COMPOSITES US LLC,33.983333,-118.133333,61866.0
MCCLELLAN AIRTANKER BASE,38.6666,-121.39345,89.0
TST INC.  DBA TIMCO DBA TANDE M INDUSTRIES,34.044083,-117.521861,39783.165774
PHILLIPS INDUSTRIES,33.961375,-118.059015,0.0
INFINEON TECHNOLOGIES AMERICAS CORP,33.49944,-117.16294,137086.41999999998
ARCADIA INC.,34.01445,-118.20909,219377.0
GS II INC. (DBA CERTAINTEED),33.7775,-118.285277,88.4093
NORMAN FOX & CO.,34.025022,-117.975686,0.0
NUTRIEN AG SOLUTIONS,35.8864,-119.5006,4028.133
CRYSTAL CREAMERY INC.,37.64635,-121.01188,460309.0
HUSSMANN CORP,34.003165,-117.706579,89191.954302
W. R. GRACE,34.43406,-117.28163,16860.0
LINDE INC,33.82428,-118.23952,15816.0
LINDE INC,34.06354,-117.52929,2330.0
BALL METAL BEVERAGE CONTAINER CORP,38.27793,-121.97399,417851.52
OWENS CORNING SANTA CLARA PLANT,37.37431,-121.95348,146126.0
BUILDING MATERIALS MANUFACTURING CORP,34.03564,-117.52154,1.6899000000000002
BUILDING MATERIALS MANUFACTURING CORP,35.4927,-119.1602,3728.0
HUGHES CIRCUITS INC,33.13551,-117.19955,13599.89
SUMMIT MACHINE LLC,34.0337,-117.58736,727834.0
CHAMPIONX-BAKERSFIELD,35.31312,-119.07386,1901.357
TELEDYNE IMAGING SENSORS,34.21348,-118.99803,596.32451
MECS INC.,38.02342,-122.053723,92079.0
GENERAL DYNAMICS (NASSCO),32.69109,-117.1337,361165.5
TESORO - SAN DIEGO TERMINAL,32.6941,-117.14152,53638.0
CALPORTLAND TURLOCK RMC,37.5073,-120.86361,234.6
AMERICAS STYRENICS LLC,33.84641,-118.32878,438628.0
DANCO ANODIZING (DBA DANCO METAL SURFACING),34.14447,-118.0296,51156.0
DANCO ANODIZING (DBA DANCO METAL SURFACING),34.03279,-117.61371,50663.0
DANCO ANODIZING (DBA DANCO METAL SURFACING),33.70977,-117.87353,52666.0
TRANSENE CO OAKLAND,37.76309,-122.20617,45.0
ENGINEERED POLYMER SOLUTIONS INC,33.987111,-118.165944,200509.0
INTERPLASTIC CORP,33.92036,-118.31783,88394.0
PACIFIC ALLOY CASTINGS,33.94857,-118.15949,5277.6900000000005
SIERRA PACIFIC INDUSTRIES  ANDERSON DIV,40.46889,-122.31696,0.297349
LENTHOR  ENGINEERING,37.42644,-121.89767,18770.561
SUN CITY PLANT 8,33.750317,-117.187802,93.279873
"MARQUEZ BROTHERS INTERNATIONAL, INC- DAIRY & WHEY PLANT",36.32347,-119.653443,168392.0
CEMEX STOCKTON PLANT,37.85561,-121.26498,0.0
BRISTOL INDUSTRIES LLC,33.92512,-117.88609,227933.098439
CCI INC,34.01225,-118.20808,0.0
ATI FORGED PRODUCTS,33.63997,-117.72025,235.8
BAKERSFIELD RENEWABLE FUELS LLC - AREAS 1 & 2,35.3825,-119.070556,17815.039999999997
EQUILON MORMON ISLAND TERMINAL,33.760449,-118.262176,931.7
ACTAGRO LLC,36.800833,-120.024444,314081.0
CALPORTLAND CO SANTA MARIA PLANT,34.96746,-120.41004,7.0
DANIEL MECHANICAL LLC,34.55767,-117.44775,30661.0
PSI BEARINGS,34.2751,-118.79946,61927.0
ARMTEC DEFENSE  TECHNOLOGIES,33.663931,-116.16593,75201.0
NEWPORT FAB LLC (DBA TOWERJAZZ),33.66196,-117.85845,682368.8
FRESNO VALVES & CASTINGS INC.,36.59813,-119.65095,116.426
SOUTHERN COUNTIES OIL CO. LP D.B.A. SC FUELS,37.59489,-120.99082,1124.0
SOUTHERN COUNTIES OIL CO. LP D.B.A. SC FUELS,34.24885,-119.16044,594.0
SOUTHERN COUNTIES OIL CO. LP D.B.A. SC FUELS,36.6992,-119.7637,0.0
ALUMINUM PRECISION PRODUCTS INC.,34.141448,-119.168534,41233.2
SILGAN CONTAINER MANUFACTURING CORP.,37.73271,-120.936945,262088.0
TESLA INC.,37.469273,-121.928566,1243807.9900000002
TEKNOR APEX CO,34.03259,-117.98295,2305.3242
TRIUMPH PROCESSING-EMBEE DIV,33.739149,-117.852949,14924.66
U.S. ARMY NATIONAL GUARD CAMP ROBERTS RANGES,35.784431,-120.727939,16135.0
HJ BAKER & BRO LLC,37.945804,-121.33333,11.0
HJ BAKER & BRO LLC,33.7831,-118.23258,24775.0
DEMENNOKERDOON DBA WORLD OIL RECYCLING,33.910116,-118.221906,12552523.708329998
CEMEX SANTA CLARA,37.38735,-121.95689,0.0
UNIVAR SOLUTIONS FAIRFIELD CA,38.27483,-121.98363,5904.44
ARDAGH METAL BEVERAGE USA INC  RE: FAIRFIELD PLANT,38.27476,-121.9839,503205.5
MEGGITT SAFETY SYSTEMS INC,34.27051,-118.72082,18124.0
DURAVENT INC.,38.400529,-121.953469,13715.177
H.B. FULLER CO,38.78,-121.303611,173972.43
ALLTECH INC,34.0427,-117.63339,4871.0
CHEMICAL WASTE MANAGEMENT INC,35.95943,-120.00865,5272589.973126001
AXALTA COATINGS SYSTEMS USA LLC,38.529505,-121.399038,0.0
TRICAL MOJAVE,35.028056,-118.160833,26129.0
BACHEM AMERICAS INC.,33.14454,-117.234351,1407703.0
BACHEM AMERICAS INC.,33.81511,-118.33985,862853.0
QUALITEK INC (DBA WESTAK),37.40743,-121.99203,72858.0
GKN AEROSPACE CHEM-TRONICS INC,32.816944,-116.977222,1749219.9100000001
ANHEUSER-BUSCH LLC - FAIRFIELD BREWERY,38.23906,-122.09023,63071.0
WESTERN TUBE & CONDUIT CORP,33.83922,-118.23457,2513200.1
ANTIOCH,38.01229,-121.75369,0.0
CEMEX PLEASANTON READY-MIX,37.67335,-121.83019,0.0
BEHR PROCESS CORP - GARRY & YALE,33.70564,-117.91566,12046.310000000001
CALIFORNIA EXPANDED METALS CO,34.04755,-118.000518,0.0
CALIFORNIA EXPANDED METALS CO,38.01939,-121.87277,0.0
ALUMINUM PRECISION PRODUCTS INC,33.71343,-117.91278,95984.8838
SAPUTO CHEESE USA INC,37.25551,-120.99597,131442.14
SAPUTO CHEESE USA INC,33.931251,-118.172539,156244.0
SAPUTO CHEESE USA INC,37.31108,-121.01614,720836.45
SAPUTO CHEESE USA INC,36.21419,-119.349257,9321.0
GAF MATERIAL CORP (DBA US INTEC),38.00018,-121.21467,83.707
CALIFORNIA STEEL INDUSTRIES INC.,34.07737,-117.499688,388597.8
ECO SERVICES OPERATIONS CORP.,38.034722,-122.112778,13657.5
A&A READY MIXED CONCRETE INC.,33.8929,-118.27696499999999,68.01
A&A READY MIXED CONCRETE INC.,33.80711,-118.18225,42.54
VALERO WILMINGTON ASPHALT PLANT,33.79699,-118.23971,2111.39
INEOS POLYPROPYLENE LLC,33.82399,-118.23177,1216194.0
ARLON EMD,34.08177,-117.54414,129310.0
BROWN-PACIFIC INC.,33.90528,-118.04036,284049.29
MILLER CASTINGS INC.,34.02953,-118.0394,19434.0
POLYPEPTIDE LABORATORIES INC.,33.84583,-118.34015,1253495.0
ALGER PRECISION MACHINING,34.05595,-117.6366,7850.0
TRICAL INC,36.94754,-121.50624,4203.0
CEMEX CONSTRUCTION MATERIALS PACIFIC LLC,38.28262,-121.99716,0.0
CEMEX CONSTRUCTION MATERIALS PACIFIC LLC,38.563169,-121.560137,0.0
CEMEX CONSTRUCTION MATERIALS PACIFIC LLC,34.5534,-117.3031,28119.717711
ERGON ASPHALT & EMULSIONS INC. - FONTANA,34.06293,-117.47948,0.0
DYNACAST INC,33.664485,-117.675845,58039.682
BAE SYSTEMS SAN DIEGO SHIP REPAIR,32.692921,-117.144598,67327.8
GOODWIN CO,33.783,-118.0058,65.0
TRILLIUM PUMPS USA INC.,36.709776,-119.769232,0.0
CAMBRO MANUFACTURING CO SKYLAB RD. FACILITY,33.7484,-118.02769,196.002
SIERRA PACIFIC INDUSTRIES - BURNEY DIV,40.8774,-121.7019,0.299798
ALERT PLATING CO,34.250667,-118.38842,348830.0
ATWATER FEDERAL PRISON,37.38307,-120.55911,1442.86
HILMAR CHEESE CO,37.421613,-120.850431,3322348.0
LOS ANGELES PLANT 15,34.01244,-118.21148,34.140417
RECOLD,33.9198,-117.90582,30078.0
1000PALMS VISTA CHINO PLANT,33.84532,-116.37557,0.1
LUBRIZOL ADVANCED MATERIALS INC.,35.67573,-120.63781,73.0
QUIKRETE - SUN VALLEY CA PLANT,34.232528,-118.374358,1.0
MISSION VALLEY ROCK,37.575903,-121.880047,6.930199999999999
CAL METAL X,33.9898,-118.26898,6.065
SAINT GOBAIN SOLAR GARD LLC,32.824396,-117.125672,20696.0
DFA DAIRY BRANDS FLUID LLC DBA ALTA DENA CERTIFIED DAIRY,33.996865,-117.915083,196408.0
DFA DAIRY BRANDS FLUID LLC DBA ALTA DENA CERTIFIED DAIRY,34.00814,-117.91904,125062.0
US NAVY CAMP MICHAEL MONSOOR - LA POSTA (RANGES) (PART),32.667621,-116.437064,5166.6
PALMDALE PLANT 39,34.571129,-117.99599,5.5343
APCT ANAHEIM,33.82451,-117.85109,16777.261
ASSOCIATED READY MIXED CONCRETE INC,32.56573,-116.99025,40.72
A.L. GILBERT CO,37.76917,-120.84874,0.0
SIERRA CIRCUITS INC (DBA SIERRA PROTO EXPRESS),37.38445,-122.04894,21331.01
HEAT & CONTROL INC,37.64519,-122.1375,28858.0
KINGSBURYNA INC,39.10908,-121.61031,70.13
PHIBRO-TECH INC.,33.95914,-118.06586,2333008.0
CBC STEEL BUILDINGS,37.81185,-121.27235,8477.851
BERG LACQUER CO,34.017443,-118.212607,576728.520284
HOLLIDAY ROCK CO INC - CAMPUS,34.1371,-117.6405,64.36080000000001
WEBER METALS INC.,33.88283,-118.16874,276315.0
U.S ARMY SIERRA ARMY DEPOT,40.135675,-120.16941,20402.0
WR MEADOWS OF NORTHERN CALIFORNIA,38.07224,-122.12703,716.0
USS-UPI LLC,38.02305,-121.85565,33287.0436
NVENT THERMAL LLC,37.48433,-122.2083,469.0
DANCO EN,34.03313,-117.61344,34587.0
SANGER BOATS INC,36.70054,-119.7693,17960.0
GUARDIAN INDUSTRIES LLC,36.54681,-119.58144,3554.53
DESIGNED METAL CONNECTIONS,33.89906,-118.28305,75009.87
CHEMSTATION OF NORTHERN CALIFORNIA,37.97782,-121.248,0.0
NICK BARBIERI TRUCKING LLC,38.387161,-122.728295,3280.3900000000003
NICK BARBIERI TRUCKING LLC,34.05951,-117.74326,0.0
ISU PETASYS INC.,34.30501,-118.45931,1005.0
US MARINE CORPS MCB CAMP PENDLETON,33.30666,-117.3408,1086657.9
AIRGAS USA LLC - SAN JOSE,37.34167,-121.90721,0.0
ITT CANNON LLC DBA BIW CONNECTOR SYSTEMS,38.44999,-122.73485,8590.0
ZYGO CORP EXTREME PRECISION OPTICS,37.98539,-122.33235,870.2057
BODYCOTE THERMAL PROCESSING,33.98204,-118.20488,106.18
HUMBOLDT SAWMILL CO & COGENERATION PLANT,40.483406,-124.10274,0.722
PERKINS PLANT,38.547084,-121.376044,0.235
ORCHID ORTHOPEDIC SOLUTIONS,34.10034,-118.00082,4269.0
GALLO GLASS CO,37.630957,-120.97472,673.164
HEXPOL LONG BEACH,33.881,-118.16283,936.0
GS POLYMERS INC.,34.02105,-117.51522,2642.0
QUAKER CITY PLATING & SILVERSMITH LTD,33.96973,-118.06159,28397.5
STREMICKS HERITAGE FOODS,33.91473,-117.49819,101258.5
STREMICKS HERITAGE FOODS,33.7597,-117.92365,272605.5
CENTRAL WIRE,33.75041,-117.23612,142.21
GOLDEN STATE VINTNERS,36.67711,-119.92777,3118.1
RIBOST TERMINAL LLC DBA WORLD OIL TERMINALS - LONG BEACH,33.77398,-118.210779,241.217793
VULCAN MATERIALS CO SUN VALLEY,34.22816,-118.38009,4.323
U.S. NAVY NBVC NAVAL AIR STATION POINT MUGU,34.111311,-119.098298,19040.600000000002
MEDICAL ILLUMINATION INTL,34.237776,-118.564183,0.0
CP KELCO,32.696772,-117.145403,3824.0
FS PRECISION TECHNOLOGY LLC,33.86488,-118.20724,459390.1
K-TUBE CORP,32.93492,-117.03997,7414.0
AMVAC CHEMICAL CORP,34.009444,-118.188056,143244.0
OLDCASTLE INFRASTRUCTURE INC.,36.94537,-120.07403,84134.7
JD HEISKELL & CO,36.000833,-119.302222,0.0
PHILLIPS 66 RICHMOND TERMINAL,37.909769,-122.366199,5284.7
STERIGENICS-LOS ANGELES FACILITY,33.996889,-118.19,176024.0
STEEL TECHNOLOGIES LLC,34.03224,-117.517959,32994.0
FORTERRA PIPE & PRECAST - FLORIN RD,38.4999,-121.39903,0.010792
PIONEER CIRCUITS INC,33.70722,-117.92311,59743.928550000004
PARKER HANNIFIN CORP VERIFLO DIV  RICHMOND,37.92892,-122.37819,5174.000001
LHOIST NORTH AMERICA NATIVADAD PLANT,36.74743,-121.60558,539.690107
CALIFORNIA DAIRIES INC VISALIA,36.34223,-119.39454,940993.79
SUPER STORE INDUSTRIES TURLOCK DAIRY DIV,37.485042,-120.876856,66306.79000000001
RHO-CHEM LLC,33.95785,-118.37533,177240.4
CALPORTLAND CO MIRAMAR,32.860756,-117.119543,1668.3999999999999
J R SIMPLOT CO,36.551156,-120.113717,68654.0
QUANTUMCLEAN,37.3874,-121.89207,18774.0
QUANTUMCLEAN,37.5073,-121.9488,123962.61
DAY-GLO COLOR CORP,33.9572,-118.18639,6900.27
FLYERS #3015,34.06223,-117.38168,0.0
MOOG AIRCRAFT GROUP TORRANCE OPERATIONS,33.84801,-118.30931,337.345246
FRITO LAY INC.,35.398111,-119.255371,213944.0
FRITO LAY INC.,37.6312,-120.9231,13076.4
NEWPORT LAMINATES INC,33.71292,-117.91173,25241.0
CEMEX FRIANT,36.92924,-119.73133,0.0
ELECTRONIC PRECISION SPECIALTIES INC,33.91984,-117.90394,2134.71
CEMEX ESCONDIDO PLANT DBA PALOMAR TRANSIT MIX,33.12328,-117.09571,0.0
US NAVAL SUBMARINE BASE SAN DIEGO,32.686011,-117.239742,7373.9
ARGO CHEMICAL INC,35.45613,-119.25726,1141.5
GENERAL HYDROPONICS,38.418,-122.75177,0.0
TIMBER PRODUCTS CO.,41.735262,-122.593188,0.0
SPECTRUM PLATING,33.904107,-118.275783,711.09
US GYPSUM CO,33.84379,-118.31886,3.34
US GYPSUM CO,32.79008,-115.85389,145.01000000000002
HAYDEN INDUSTRIAL PRODUCTS,34.07754,-117.2559,756.0
OWENS-BROCKWAY GLASS CONTAINER INC PLANT #22,37.715147,-121.49157,5701.54
CALPORTLAND CO NORMANDIE PLANT,33.85777,-118.29924,986.4000000000001
HOWMET GLOBAL FASTENING SYSTEMS INC.,34.02877,-117.96383,12249.356
HOWMET GLOBAL FASTENING SYSTEMS INC.,33.86417,-117.88946,174954.597354
NXEDGE MH LLC,37.15427,-121.65693,60069.0
AIR LIQUIDE LARGE INDUSTRIES U.S. LP - EL SEGUNDO,33.905833,-118.401944,43015.05
IONIS PHARMACEUTICALS INC.,33.13443,-117.27752,97255.0
PCC STRUCTURALS-SAN LEANDRO,37.7226,-122.19254,476586.80000000005
HOLLIDAY ROCK-PALMDALE,34.51682,-117.95568,89.83869999999999
AIR INDUSTRIES CO A PCC CO,33.77955,-118.01117,45958.0
JOHNS MANVILLE,39.5361,-122.2614,141631.0
PARAMOUNT PLANT 23,33.90371,-118.1709,21.975912
LACTALIS HERITAGE DAIRY INC.,36.134132,-119.328971,518164.0
HOCKING INTERNATIONAL LABORATORIES LLC,33.13646,-117.13371,0.0
SONOCO METAL PACKAGING LLC,37.754535,-120.846976,247511.0
TABC INC,33.8706,-118.15997,2025.0
UNIVAR SOLUTIONS CARSON CA,33.839651,-118.236627,23259.190000000002
LGC BIOSEARCH TECHNOLOGIES INC,38.22908,-122.59181,582207.0
BALTIMORE AIRCOIL CO,37.06832,-120.02947,875746.1
TRUCK ACCESSORIES GROUP DBA TAG WEST,38.6845,-121.74323,91195.0
AVIBANK MANUFACTURING INC,34.20119,-118.38176,64364.35
TESORO - COLTON TERMINAL,34.058134,-117.37024,101973.2
AMPAC FINE CHEMICALS LLC,38.614167,-121.215869,2654919.0
DOLE PACKAGED FOODS LLC,37.360372,-120.631742,195193.0
BECKER SPECIALTY CORP,34.09928,-117.47077,4511.0
PAC RANCHO FOUNDRY,34.0946,-117.56449,4176.2
NEW-INDY OXNARD LLC,34.14176,-119.18398,15216.33
MESQUITE MINE,33.052156,-114.980282,24811.4
CEMEX CONSTRUCTION MATERIALS PACIFIC LLC - UNION CITY PLANT,37.60597,-122.03021,0.0
VENATOR AMERICAS LLC.,34.01884,-118.196,72.62
3M UNITEK,34.123593,-118.003829,21487.0
STELLANT SYSTEMS,33.81118,-118.34035,280.2
EQUINOX GOLD CORP CASTLE MOUNTAIN VENTURE CASTLE MOUNTAIN,35.333839,-115.123263,76331.7
ALLOY DIE CASTING CO,33.86483,-118.01859,250.85
STOCKTON STEEL,38.02119,-121.27761,89323.3
GREENHECK FAN CORP - ROCKLIN CALIFORNIA,38.822788,-121.301589,166137.97999999998
KAISER ALUMINUM FABRICATED PRODUCTS LLC,33.98858,-118.14652,1640.217
EQUILON CARSON TERMINAL,33.83937,-118.23673,54631.0
THATCHER CO OF CALIFORNIA,38.522781,-121.383917,422.4
ALLOYS CLEANING INC,33.98189,-118.23692,67319.984
TROJAN BATTERY CO LLC,33.95508,-118.05694,1265891.5995
ANHEUSER-BUSCH LLC,34.22132,-118.48044,248607.0
AIR PRODUCTS WEST COAST HYDROGEN - HP-2,38.019745,-122.116973,4512139.670999999
CYTEC SOLVAY COMPOSITE MATERIALS ORANGE,33.79776,-117.85582,13518.0
CMC REGIONAL STEEL - FONTANA,34.05561,-117.47683,0.0
AMERICH CORP,34.20793,-118.42105,11822.0
WEST MAIN TURLOCK FEEDMILL & COMMODITIES,37.49266,-120.8911,0.0
HP HOOD LLC,38.533522,-121.400815,401233.91000000003
NORAC PHARMA,34.11633,-117.93491,9670.0
ROSEBURG FOREST PRODUCTS CO. - WEED FACILITY,41.43216,-122.37868,268.221272
A.G. LAYNE INC.,34.14683,-118.27534,1283.26
FARMDALE CREAMERY INC.,34.12133,-117.307198,40615.0
PRESS FORGE CO,33.8854,-118.16489,77807.0
INNOVATIVE COATING TECHNOLOGY INC,35.050444,-118.156344,2.369
ANAHEIM PLANT 16,33.85265,-117.91712,41.92374
EXPRESS MANUFACTURING INC,33.71513,-117.91081,282.0
CANARY RENEWABLES CORP,37.95204,-121.31766,86602.83
SAPUTO CHEESE USA INC.,36.184133437499995,-119.3352240625,3105424.0
EXXONMOBIL OIL CORP VERNON TERMINAL,34.00894,-118.22188,42702.0
U.S COAST GUARD SECTOR SAN DIEGO CA,32.727487,-117.180872,6404.0
TESORO REFINING & MARKETING CO LLC,38.0251,-122.0639,156541.09999999998
3M CO - MONROVIA TAPE,34.13352,-117.99129,221715.62
ALLFAST FASTENING SYSTEMS LLC,34.02141,-117.96943,22727.31
HASA INC,38.018056,-121.854167,5.0
HASA INC,34.411667,-118.539722,5.0
LINDSEY MANUFACTURING CO,34.13519,-117.91834,250.0
DURA COAT PRODUCTS INC (AXALTA COATING SYSTEMS),34.01742,-117.37927,30543.96
IRWINDALE PLANT 13,34.107793,-117.977149,25.681066
PALL FILTRATION & SEPARATIONS GROUP INC,32.903734,-117.216998,184727.0
NOR-CAL BEVERAGE CO INC,38.56327,-121.53932,123008.0
ADEMCO INC,32.56081,-116.97543,1750.0
TESSENDERLO KERLEY INC HANFORD PLANT,36.271276,-119.649938,97.74
A&B DIE CASTING,38.022436,-122.275933,24565.33
BAXALTA US INC. PART OF THE TAKEDA GROUP,34.14234,-118.27007,785851.89
J.G. BOSWELL CO - KINGS TOMATO,36.066559,-119.571981,644.0
LEPRINO FOODS CO,36.30389,-119.789169,3072683.0
LEPRINO FOODS CO,36.299428,-119.816072,9050541.0
LEPRINO FOODS CO,37.713183,-121.416366,2701396.0
LAKE HERMAN QUARRY,38.10916,-122.18195,53.2535
PETRODIAMOND TERMINAL CO,33.7762,-118.2141,2788.15
LAND O LAKES - TULARE DAIRY,36.20458,-119.34263,1011804.0
AMBER CHEMICAL INC.,35.40125,-119.05207,3000.0
GEA FARM TECHNOLOGIES INC.  DBA GEA WS WEST,36.70299,-119.76687,10.0
VORTEQ - PACIFIC,34.092829,-117.597055,1189.7
SUMMIT INTERCONNECT INC,33.83463,-117.94734,12598.032
ALUMINUM PRECISION PRODUCTS ALTON ST FACILITY DIV,33.705015,-117.861913,64946.737799999995
WESTLAKE ROYAL ROOFING - FRENCH CAMP,37.8723,-121.27691,1064.0
SANMINA-PLANT # 1,37.391707,-121.906924,202335.0
TRI-STAR INDUSTRIAL PRODUCTS,33.92462,-118.11267,0.0
CEMEX MODESTO PLANT,37.63489,-120.94354,0.0
GRISWOLD INDUSTRIES DBA SOUNDCAST,33.955888,-118.196121,7.3
BLUESCOPE COATED PRODUCTS LLC,34.088079,-117.58027,392405.0
CAMBRO MANUFACTURING CO CLAY AVE. FACILITY,33.68299,-117.9966,55.86
GRIFOLS BIOLOGICALS,34.0743,-118.16258,259161.8
FCC LOMPOC,34.67643,-120.50558,676.1
SENIOR AEROSPACE KETEMA DIV,32.81332,-116.95272,0.09
CEMEX PERRIS PLANT,33.784054,-117.226116,1.0
SAFETY-KLEEN INC,37.52174,-122.02116,2975484.8732
ARDAGH GLASS INC,36.92375,-120.10151,114004.4
ROBERTSON'S READY MIX SANTA ANA PLANT 17,33.747054,-117.895999,16.815698
HOLLIDAY ROCK CO - BAKERSFIELD,35.35337,-118.9745,0.125
MAPEI CORP,34.17935,-117.34909,0.0
FOSTER FARMS PORTERVILLE PLANT,36.079134,-119.00692,21257.0
NESTLE USA INC,37.62808,-120.92302,210826.0
US DOD NAS LEMOORE (INSTALLATION),36.295541,-119.928774,672.5
GARRATT-CALLAHAN CO BURLINGAME,37.59524,-122.37792,0.0
TESORO LONG BEACH TERMINAL,33.772696,-118.224004,13.8
CALPORTLAND CO SAN LUIS OBISPO,35.246812,-120.667179,2.3
US PIPE & FOUNDRY CO LLC,37.60599,-122.04237,1036783.4830000001
LEGGETT & PLATT URETHANE DIV BRANCH 6014,37.7508,-121.41465,1.78
ASSOCIATED READY MIXED CONCRETE INC.,33.70148,-117.93255,52.36
ASSOCIATED READY MIXED CONCRETE INC.,34.01735,-118.22222,89.47
ASSOCIATED READY MIXED CONCRETE INC.,34.23149,-118.37786,65.36
ASSOCIATED READY MIXED CONCRETE INC.,33.67977,-117.67817,31.0
ASSOCIATED READY MIXED CONCRETE INC.,34.20427,-119.127091,26.31
PROMEGA CORP,35.25113,-120.66619,31357.904000000002
CALPORTLAND REDDING CEMENT PLANT,40.7369,-122.3223,46.2
AMERICAN POLYMERS CORP DBA POLYCOAT PRODUCTS,33.897328,-118.039862,3446.0
U.S. ARMY GARRISON FORT HUNTER LIGGETT RANGES,36.0043,-121.2394,39170.0
SONOCO PRODUCTS CO,34.052125,-117.996652,14.426
HI-SHEAR CORP,33.8027,-118.33142,276749.0
CALIFORNIA DAIRIES INC FRESNO,36.72757,-119.79175,630941.0
MITSUBISHI CHEMICAL CARBON FIBER & COMPOSITES I,32.94146,-117.03915,74.79
REICHHOLD LLC 2 - AZUSA PLANT,34.11966,-117.93488,377133.83999999997
OAKLEY INC,33.67034,-117.64442,9696.460000000001
PASADENA PLANT 14,34.170884,-118.159406,10.914453
MOC PRODUCTS CO. INC,34.25483,-118.40135,1788.0
INTERNATIONAL COATINGS CO INC.,33.880625,-118.035631,0.0
CEMEX LINCOLN,38.83895,-121.33545,0.0
KAWNEER CO INC,36.34601,-119.37083,17675.0
QUIKRETE - SAN DIEGO CA PLANT,32.860479,-117.12719,0.0
PHENOMENEX INC,33.84443,-118.32466,56757.409
GOLDEN GATE NATIONAL RECREATION AREA,37.80528,-122.42802,35.0
CALIFORNIA DAIRIES INC LOS BANOS,37.0569,-120.84012,626829.0
MILK SPECIALTIES GLOBAL - VISALIA,36.33636,-119.31209,668524.0
STEELSCAPE LLC,34.09918,-117.56077,376278.4
SHELL CATALYSTS & TECHNOLOGIES - PITTSBURG,38.028333,-121.943056,209285.36000000002
CALPORTLAND PORTERVILLE RMC,36.050873,-118.934734,0.0
BIO-RAD LABORATORIES INC,37.91481,-122.33916,406681.495
GLADDING MCBEAN,38.89447,-121.291594,2462.89502
VALIMET INC,37.89873,-121.2672,57.0
OLDCASTLE INFRASTRUCTURE INC,33.83331,-117.11688,22555.1
AXIOM MATERIALS,33.71356,-117.84358,265.0
ARROWHEAD PRODUCTS CORP,33.80312,-118.05693,19437.0068
ZURN INDUSTRIES WILKINS DIV,35.610249,-120.652365,0.0
SCHLOSSER FORGE CO,34.09908,-117.54933,562073.0
HOLLIDAY ROCK-LONG BEACH,33.87474,-118.1623,0.089
J.F. SHEA CONSTRUCTION INC FAWNDALE ROCK & ASPHALT,40.735182,-122.307814,137.39999999999998
J R SIMPLOT CO LATHROP,37.807058,-121.277465,25861.287600000003
AVK INDUSTRIAL PRODUCTS,34.43725,-118.57842,6347.0
WABASH NATIONAL L.P.,33.91684,-117.27524,20853.0
SUMMIT INTERCONNECT INC. ORANGE,33.82697,-117.85456,75567.0
KINSBURSKY BROTHERS SUPPLY INC.,33.85306,-117.9198,13477161.9
SKYLINE STEEL LLC. - GEO POMONA,34.056256,-117.72596,1374.6013
JABIL INC.,37.509910875,-121.95335125,730473.8999999999
PRECISION ANODIZING & PLATING INC.,33.86644,-117.8515,500.0
CEMEX FRESNO PLANT,36.68441,-119.73681,0.0
VEST INC.,33.98575,-118.20921,233781.0
IBY LLC,34.12159,-117.93825,603.55
FLEETWOOD HOMES OF CALIFORNIA INC 08,33.96156,-117.4481,0.0
US BATTERY MFG CO,33.87882,-117.53458,772239.234
HOLLIDAY ROCK - SANTA ANA,33.71734,-117.85057,0.067
CEMEX OAKLAND,37.77276,-122.23583,1.0
PINNACLE PREMIX,36.351029,-119.367943,0.0
LOS ANGELES PUMP & VALVE,33.99294,-118.2268,3.804
GCM MEDICAL & OEM INC.,37.601308,-122.036727,60399.0
US DOD USAF EDWARDS AFB CA,34.94943,-117.8857,80304.1
POM WONDERFUL,36.658356,-119.590414,8615.0
MITSUBISHI CEMENT CORP.,34.3545,-116.8532,24301.055130000004
BASALITE,38.46204,-121.81325,0.08
BASALITE,37.69589,-121.452715,0.0281
GOODRICH AIRCRAFT WHEELS & BRAKES,33.93,-118.071667,116726.50200000001
WHITE WAVE FOODS,34.00396,-117.90573,669226.8400000001
MODERN WELDING CO OF CALIFORNIA,36.79717,-119.86241,7900.0
IPS CORP,33.87627,-118.27555,2673.0
PLASKOLITE WEST LLC.,33.84675,-118.2265,11715.0
HOLLIDAY ROCK - FOOTHILL,34.106798,-117.693801,134.74020000000002
WESTERN EMULSIONS IRWINDALE PLANT,34.11212,-117.99784,1.049148
MAINTEX INC,34.052562,-117.994354,8.0
CERTIFIED ENAMELING INC,34.01578,-118.20742,113208.0
APPLIED BIOSYSTEMS LLC,37.6453,-121.88157,413085.0
PG&E HUMBOLDT BAY POWER PLANT,40.7411,-124.2084,33825.555
MARKLAND MANUFACTURING INC.,33.73462,-117.85375,27763.7
HOOVER TREATED WOOD PRODUCTS INC.,35.31305,-119.06514,0.0
KEMIRA WATER SOLUTIONS INC,35.08527,-118.1425,10.845558
SGL TECHNIC INC POLYCARBON DI V,34.4356,-118.59042,937123.0
CONTAINMENT SOLUTIONS INC,35.42981,-119.06432,103800.0
AEROCRAFT HEAT TREATING CO. INC,33.89029,-118.1667,1114.0
SAN FRANCISCO (A),37.745855,-122.384367,0.0
DV NATURAL RESOURCES--BRIGGS MINE,35.940942,-117.195969,0.1447
NEW HAMPSHIRE BALL BEARINGS INC.,34.246844,-118.590756,65631.2
SPACE LOK INK,33.91129,-118.30235,45369.1988
ACRA AEROSPACE,33.8564,-117.887057,3127.56
FOSTER FARMS TRAVER FEEDMILL,36.444519,-119.481098,0.0
CHEMTRADE WEST US LLC,37.940278,-122.377222,719.226
CHROMAL PLATING CO,34.06256,-118.21409,1.3
PERFORMANCE MATERIALS CORP DBA TORAY PERFORMANCE COMPOSITE,34.20778,-119.03887,346.2
PERFORMANCE MATERIALS CORP DBA TORAY PERFORMANCE COMPOSITE,34.22803,-119.01465,11902.3
VARIAN MEDICAL SYSTEMS,37.41732,-122.141,46100.0
GROW MORE INC.,33.85829,-118.20445,0.0
GROW MORE INC.,33.88998,-118.2815,0.0
ACTIVE MAGNETIC INSPECTION INC.,34.23923,-118.392765,515.0
ILLUMINA,32.8701,-117.2,306614.5
ARCOSA LIGHTWEIGHT FRAZIER PARK PLANT,34.7666,-119.0447,0.8402000000000001
TRICOR REFINING LLC,35.4185,-119.0112,0.148345
NICK BARBIERI TRUCKING LLC DBA REDWOOD COAST FUELS,39.197018,-123.206212,0.0
US CBP BORDER PATROL FIREARMS RANGE BE # CA0180,32.72943,-117.20893,16861.0
P.F.I. INC,33.95636,-118.05331,500.0
CERTAINTEED LLC,37.51166,-121.99502,413.4384
CERTAINTEED LLC,37.09312,-120.226012,177.208814
US NAVY NAVAL WEAPONS STATION SEAL BEACH (SMALL ARMS) (PART),33.74988,-118.08905,1.4
BETTS CO,36.706914,-119.745621,1350.3100000000002
RUMIANO CHEESE CO,41.75504,-124.20386,119195.0
COMMERCIAL METAL FORMING,33.8024,-117.85667,375903.87999999995
U.S. CIRCUIT INC.  EPA ID# CAR000155887,33.11533,-117.11515,22973.0
INTEGRATED DNA TECHNOLOGIES,32.8858,-117.17567,31238.0
INTEGRATED DNA TECHNOLOGIES,32.89217,-117.19721,11911.0
ARMORCAST PRODUCTS CO,34.23689,-118.58419,43472.0
ARMORCAST PRODUCTS CO,34.0584,-117.56281,9797.0
INGOMAR PACKING,37.07479,-120.877445,600.0
GLENAIR LATHE SHOP,34.16686,-118.29425,190773.0
NUCOR WAREHOUSE SYSTEMS,34.00624,-118.2318,959.0
VOLTAGE MULTIPLIERS INC.,36.3399,-119.38741,108191.0
RAPISCAN SYSTEMS INC,33.84418,-118.33723,0.0
TRUCKEE NORTH TAHOE MATERIALS READY MIX PLANT,39.33704,-120.18371,0.0
EMTEK PRODUCTS INC,34.05719,-117.99177,0.0
APCT INC,37.38689,-121.94412,26975.0
POLYPEPTIDE LABORATORIES SAN DIEGO,32.89236,-117.14404,122347.0
WESTLAKE ROYAL ROOFING - CORONA,33.88586,-117.57733,14.190000000000001
CALPORTLAND CO NATIONAL CITY READY-MIXED,32.6707,-117.11218,2378.9
WESTLAKE ROYAL ROOFING - OCEANSIDE,33.200278,-117.333915,2722.0
THERMAL SOLUTIONS MANUFACTURING INC.,34.07603,-117.25977,23267.48
CALSTONE TRACY-OLDCASTLE APG,37.75423,-121.41801,0.05483
THE GILL CORP,34.08291,-118.06062,398913.0
INDEPENDENT INK INC,33.8989,-118.26529,84.0
AIR PRODUCTS & CHEMICALS INC (MARTINEZ-WATERFRONT ROAD),38.032767,-122.07594,6233503.0
VEOLIA WATER TECHNOLOGIES & SOLUTIONS - BAKERSFIELD,35.43291,-119.06474,1441.0
GRANITIZE PRODUCTS INC.,33.92737,-118.16713,0.0
ALL METALS PROCESSING OF ORANGE COUNTY LLC,33.80777,-117.98571,47132.0
CALIFORNIA DAIRIES INC TURLOCK NORTH,37.50032,-120.86114,561071.0
CMC REBAR TRACY,37.76504,-121.42689,0.0
ACCURATE ENGINEERING CORP,34.22742,-118.38729,1514.07
SHUR-LOK CO,33.68005,-117.84361,66714.9271
MILES CHEMICAL CO INC.,34.23814,-118.41218,36.0
DAIRY FARMERS OF AMERICA INC,37.48635,-120.88174,219474.11
ELK CORP OF TEXAS,35.49515,-119.16638,2180.79
ENVIRO TECH CHEMICAL SERVICES INC.,37.60534,-120.98805,500.0
BUDDY BAR CASTING,33.93093,-118.16863,2.0
ANACO & CLOW VALVE,33.869817,-117.539254,144734.15
OLD COUNTRY MILLWORK INC.,33.98807,-118.25213,905.9
INX INTERNATIONAL INK CO,33.90569,-118.03788,0.0
GRANITE ROCK CO REDWOOD CITY,37.49297,-122.21475,7.276325
ECOBAT RESOURCES CALIFORNIA INC.,34.025026,-117.98347,1806788.5413910002
EKC TECHNOLOGY INC.,37.65559,-122.14037,11815.08
BLUESCOPE BUILDINGS N.A. INC,36.34603,-119.37428,122367.47400000002
LMC ENTERPRISES DBA FLO-KEM DBA CHEMCO PRODUCTS CO,33.854655,-118.206439,20.0
CALIBER AERO LLC,33.93869,-118.07528,43091.15
CALIFORNIA AMFORGE CORP,34.13585,-117.91617,0.0
CEMEX REDLANDS PLANT,34.10212,-117.2086,0.0
U.S. MARINE CORPS CHOCOLATE MOUNTAINS AERIAL GUNNERY RANGE,33.2418,-115.49454,130649.1
THE BOEING CO,33.93086,-118.38405,677.12
MAGNUSON SUPERCHARGERS,34.254888,-119.220423,0.0
GRANITE ROCK,37.36523,-121.88161,4244.120576
QUIKRETE - PORTERVILLE CA PLANT,36.050201,-118.935931,0.0
GLENAIR INC.,34.590112,-118.077628,227721.0
SPS TECHNOLOGIES LLC DBA PB FASTENERS,33.91264,-118.30742,7852.0
JOSLYN SUNBANK CO LLC,35.60991,-120.65236,76683.0
STERIGENICS-ONTARIO FACILITY,34.05791,-117.5483,1192268.0
ECOLAB INC,33.99715,-117.903052,140075.0
CONSOLIDATED PRECISION PRODUCTS CORP,34.0353,-117.82493,1272.0
FONTANA WOOD TREATING,34.10152,-117.46899,0.0
MCCROMETER,33.72937,-117.00572,3309.0
METAL SURFACES INTERNATIONAL LLC,33.95423,-118.15804,27606.61
3M CO - CORONA,33.84916,-117.50607,66.2047
SOLAR TURBINES INC KEARNY MESA,32.81872,-117.1258,10236.7
ASPHALT PRODUCTS OIL CORP,33.861718,-118.159903,0.0
ACCELLA POLYURETHANE SYSTEMS LLC,34.09846,-117.55582,16677.0
US DOE LLNL EXPERIMENTAL TEST SITE (SITE 300),37.63425,-121.499553,2422.9
MOORE QUALITY GALVANIZING,36.99313,-120.10424,74.0
MORENO VALLEY PLANT 2,33.913838,-117.280985,129.045357
NORTHROP GRUMMAN SYSTEMS CORP,37.3787,-122.0225,3179.75
CATALINA UTILITIES CENTER,33.33443,-118.31307,1906.76
GCP APPLIED TECHNOLOGIES INC,33.97445,-118.12746,2.12
GCP APPLIED TECHNOLOGIES INC,37.9056,-121.27336,493.0
"U.S. DOD, USAF, BEALE AFB",39.089167,-121.424444,1837.6000000000001
THE PICTSWEET CO - SANTA MARIA CA PLANT,34.945127,-120.458538,3901.0
VALLEY CHROME PLATING INC.,36.81396,-119.69634,9501.0
MURRIETA PLANT 27,33.533936,-117.18673,53.188208
WILBUR-ELLIS CO RNA,36.61015,-120.1948,0.0
CUSTOM BUILDING PRODUCTS INC.,33.979149,-118.204332,0.0
BAXALTA US INC,34.20461,-118.93067,10217.0
CEMEX FONTANA PLANT,34.055363,-117.518416,1.0
PIONEER AMERICAS LLC D/B/A OLIN CHLOR ALKALI PRODUCTS TRACY,37.713333,-121.379444,0.00011
BLOOM ENERGY CORP,37.40853,-122.0071,270.0
NEW-INDY CONTAINERBOARD ONTARIO LLC,34.04807,-117.5382,427150.807
CONCRETE INC ELK GROVE PLANT,38.38794,-121.35291,135.64
BASF CORP,33.82297,-117.8515,5473.0
LEACH INTERNATIONAL,33.85889,-118.01333,176.249
CONTINENTAL COATINGS CO. INC,34.05408,-117.47132,281.96000000000004
STABOND CORP,33.90555,-118.307868,0.0
SKYWORKS SOLUTIONS INC.,34.186689,-118.927624,201395.3
GLOBAL COMMUNICATION SEMICONDUCTORS LLC,33.81619,-118.34451,508.0
ELITE COMFORT SOLUTIONS,34.00994,-118.17101,3117.859241
ELITE COMFORT SOLUTIONS,34.045141,-117.527669,6013.191951
ANODIZING INDUSTRIES INC.,34.07386,-118.17161,10.0
OTAY MESA PLANT 28,32.560675,-116.970522,63.075618
MARTIN MARIETTA SAN DIEGO AGGREGATES LLC - MIRAMAR HMA,32.86076,-117.119925,0.68306
PARKER DAM - BUREAU OF RECLAMATION,34.295242,-114.14021,0.0
DUCOMMUN AEROSTRUCTURES,34.6003,-117.5805,53433.0
DUCOMMUN AEROSTRUCTURES,33.88206,-118.27435,1170.0
FINELINE INDUSTRIES LLC,37.29468,-120.52032,86549.0
CALPORTLAND EXETER RMC,36.303887,-119.153641,0.0
NORTHWEST PIPE CO,34.55737,-117.39035,3514.0
MLS FLUID SOLUTIONS,34.12991,-117.92238,0.0
USAF PLANT 42 SITE 4 NORTHROP GRUMMAN SYSTEMS CORP,34.645894,-118.068556,27890.28
SOLOMON COLORS INC.,34.12402,-117.41298,0.0
TITAN TERMINAL &  TRANSPORT,33.95735,-118.18782,17.380000000000003
APCT OC,33.86333,-117.82282,27576.85
PHARMAVITE LLC,34.29106,-118.42124,799.17
CEMEX SAN CARLOS,37.50542,-122.25478,0.0
CMC REBAR - CA - SAN BERNARDINO,34.18003,-117.35119,0.0
CHRISTY,37.49913,-121.96167,94.5
SANMINA -   BLDG # 4,37.38917,-121.93002,1203.0
U.S. MARINE CORPS LOGISTICS BASE BARSTOW NEBO RANGE,34.875625,-116.954371,7070.0
CABAZON PLANT 11,33.91939,-116.80743,10.589439
J.G. BOSWELL CO - KERN TOMATO,35.39892,-119.41218,364.0
CARPENTER CO,33.927306,-117.405358,522.2991830000001
NUSIL TECHNOLOGY LLC,35.42718,-119.06431,147401.3
NUSIL TECHNOLOGY LLC,34.38894,-119.48532,80831.06
HOLLIDAY ROCK CO - VERNON,34.01122,-118.21777,1.04
GORILLA CIRCUITS,37.372110000000006,-121.89616,203986.0
GORILLA CIRCUITS,37.394144,-121.897235,250.0
CHURCH & DWIGHT CO. INC.,34.48557,-117.28476,53.231821
FRESNO CHERRY AVENUE,36.693188,-119.782923,570143.0
KDC / ONE - THIBIANT INTERNATIONAL,34.240923,-118.58636,10823.84
LEHIGH SOUTHWEST CEMENT CO,37.3181,-122.091,0.184
CALPORTLAND CO LAX PLANT,33.93454,-118.37239,100.8
FOSTER FARMS BELGRAVIA PLANT,36.716956,-119.82306,537167.0
PRODUCERS DAIRY FOODS INC.,36.75037,-119.80873,39387.0
ROBERTSON'S READY MIX SAN BERNARDINO PLANT 12,34.11576,-117.329263,12.0435
STERIS ISOMEDIX SERVICES,32.566,-116.97596,1049954.63
US COAST GUARD BASE ALAMEDA,37.77999,-122.24601,1399.0
BASALITE CONCRETE PRODUCTS,36.559958,-119.605112,0.0089
UNISON COMFORT TECHNOLOGIES - CALIFORNIA,38.65635,-121.389102,0.0
SAN BERNARDINO STEEL,34.17929,-117.35144,97084.09999999999
NATVAR,33.999964,-117.877875,567.0
PHENOMENEX INC.,33.84408,-118.32382,78289.987
PARTER STERILIZATION SERVICES,33.87671,-118.26197,19.38
H. C. MUDDOX,38.53349,-121.33494,3.1088
ROCKWELL COLLINS INC,38.210189,-121.944644,3356.3
ADVANCED RADIATION CORP,37.36951,-121.963533,0.0
HOWMET GLOBAL FASTENING SYSTEMS INC,33.81073,-118.3393,163048.63688
U.S. DOD NAWS CHINA LAKE,35.669,-117.671,2180.9
GARDENA PLANT 25,33.90337,-118.22784,111.234618
PARKER-HANNIFIN CORP,33.84115,-118.21894,60.0
GILLIG,37.68673,-121.81234,5.7
CALPORTLAND CO PASO ROBLES PLANT,35.580639,-120.688637,2.8
EL CAJON PLANT 29,32.81686,-116.96356,22.89695
US CBP BOULEVARD BORDER PATROL STATION #CA11560,32.68306,-116.293235,3076.0
ALL WEATHER INSULATED PANELS,38.400564,-121.955309,1.0
ARLON GRAPHICS LLC,33.86553,-117.873,2041031.45
SANMINA - BLDG # 2,37.39273,-121.92903,538.0
COAST TO COAST CIRCUITS INC.,33.73829,-118.03591,4461.54
LUSK QUALITY MACHINE PRODUCTS,34.599518,-118.103187,2053.0
CONCORDE/INTERSPACE BATTERY CORP,34.090068,-117.94155,719690.27
TTM TECHNOLOGIES,37.30276,-121.87427,75865.44
VULCAN MATERIALS CARROLL CANYON,32.900733,-117.123586,19.398
CALPORTLAND TULARE RMC,36.175745,-119.331165,0.0
FRITO-LAY INC.(F/K/A FRITO-LAY NORTH AMERICA),34.07979,-117.59341,48369.020000000004
FONTANA PAPER MILLS INC.,34.070122,-117.506175,55.41
SOMACIS INC,32.93988,-117.03872,22498.7
US MARINE CORPS AIR STATION MIRAMAR,32.882236,-117.144252,19371.199999999997
INDUSTRIAL SERVICE OIL CO,34.018663,-118.220106,2641077.5154000004
E & J GALLO WINERY FRESNO,36.757277,-119.698309,64254.0
ALL AMERICAN ASPHALT,33.732512,-117.724065,0.4
CEMEX FARMERSVILLE PLANT,36.317973,-119.214679,0.0
FOAM MOLDERS INC,33.84851,-118.09501,0.0
TRIUMPH PROCESSING INC DBA AS VALENCE LYNWOOD,33.92348,-118.22696,63515.944876
AIRGAS DRY ICE,33.84718,-118.332562,18540.66
SPECIALTY GRANULES (IONE) LLC,38.369722,-120.999722,0.0
J.F. SHEA CONSTRUCTION INC. AGGREGATE PRODUCTS,40.490697,-122.5051,14.8
LIPPERT COMPONENTS,34.09779,-117.38806,18431.932800000002
AGILENT TECHNOLOGIES INC,38.652835,-121.186949,140680.0
AGILENT TECHNOLOGIES INC,37.322731,-121.997002,405352.46
USALCO MODESTO PLANT LLC,37.63564,-120.95909,8407.0
KURITA AMERICA INC,33.89334,-118.05276,0.0
U.S. ARMY NATIONAL GUARD CAMP SAN LUIS OBISPO RANGES,35.323441,-120.729721,8264.0
CHAMPION HOME BUILDERS INC.,33.88837,-117.59288,0.0
OWENS-BROCKWAY GLASS CONTAINER INC PLANT 23,33.9972,-118.2172,6037.4466
ABBOTT CARDIOVASCULAR SYSTEMS INC,33.51794,-117.15613,1088.76
PACIFIC WOODTECH CORP,40.126622,-122.196979,1469.5
FOSTER FARMS COLLIER COMPLEX,37.40992,-120.74582,0.0
WESTWAY FEED PRODUCTS LLC,37.945354,-121.320883,0.0
APPLIED MEDICAL RESOURCES CORP,33.657507,-117.712809,4.44
WINONICS BREA,33.92928,-117.91565,10089.0
CARLTON FORGE WORKS,33.89479,-118.16474,1337703.0
CHEMLAND (DBA DELAVAL MANUFACTURING),37.48045,-120.86727,0.0
ECO SERVICES OPERATIONS CORP,33.843333,-118.232844,105418.59
GALLADE CHEMICAL INC,33.719127,-117.856675,2.0
TECHMER PM LLC,33.86342,-118.21956,0.0
VALLEY SYNCOM CIRCUITS INC.,34.432815,-118.567822,255.0
PACIRA PHARMACEUTICALS INC,32.89513,-117.23074,29717.0
U.S. NAVAL BASE SAN DIEGO,32.57243,-117.06889,5687.9
LGC BIOSEARCH TECHNOLOGIES INC.,38.071357,-122.531159,15390.0
HOGAN MANUFACTURING INC LIFT-U DIV,37.79562,-120.9927,38070.990000000005
PHENOMENEX NO 8,33.844095,-118.324661,139642.44
CEMEX IRVINE PLANT,33.69546,-117.81975,0.0
PARKER HANNIFIN CORP EMN  NA,38.35671,-122.72239,0.0
HARBOR ELECTRONICS INC.,37.37695,-121.95666,33563.21
CRYSTAL CREAMERY INC. DBA HUMBOLDT CREAMERY,40.615556,-124.2025,201740.0
GENLABS,34.004557,-117.683286,0.0
ELDORADO NATIONAL,34.00452,-117.4917,0.0
PRECISION AEROSPACE CORP,34.09458,-117.563,27328.0
LATHAM POOL PRODUCTS INC D/B/A VIKING POOLS-CA,39.14128,-122.13503,244611.0
CUSTOM CHEMICAL FORMULATORS INC,33.963802,-118.080079,12.0
U.S. DOE LAWRENCE LIVERMORE NATIONAL LABORATORY,37.6798,-121.71734,3.8
TAFT MANUFACTURING LLC,35.1444,-119.237778,196.97
THOUSAND PALMS PLANT 26,33.81305,-116.39855,16.605689
POMONA PLANT 5,34.05756,-117.79417,86.863606
US DOD USAF VANDENBERG AFB,34.73249,-120.57044,1635.3
NAPA QUARRY,38.27009,-122.27199,22.27871
ROYAL CHEMICAL CO,37.64764,-122.12787,7098.14
CEMEX HOLLYWOOD PLANT,34.08914,-118.34409,0.0
TRICHROMATIC WEST,33.988259,-118.154302,2999.69
AIR LIQUIDE LARGE INDUSTRIES US LP - RODEO HYDROGEN PLANT,38.047952,-122.256895,14052.0
MILES CHEMICAL CO,33.85187,-117.97923,1793.0
WESTPAC MATERIALS,33.82289,-117.85555,28.76
COLLINS PINE CO CHESTER SAWMILL,40.30113,-121.23608,28.584495
JOHNSON LAMINATING & COATING INC.,33.84284,-118.253639,8867.0
TROPICANA PRODUCTS INC,34.037692,-117.975311,174236.0
NATIONAL READY MIX CONCRETE CO.,34.013974,-118.224531,52.4
CLAYTON PERRIS,33.82952,-117.22607,0.0
UNIVAR SOLUTIONS USA INC,33.95044,-118.06118,6.7
STATEK CORP,33.7955,-117.8672,1156.48
SMARK CO,33.95562,-118.19616,5.0
TESORO MARINE TERMINAL 3,33.773273,-118.212077,0.0
FORTERRA PIPE & PRECAST - RIVERSIDE,33.738795,-117.160983,0.0
CMC MATERIALS INC.,36.89171,-121.39719,7592.0
TELEDYNE BATTERY PRODUCTS,34.06649,-117.19391,509367.791335
REED & GRAHAM INC,37.31894,-121.9057,0.067
BJB ENTERPRISES INC,33.71458,-117.81104,0.0161
PRESTONE PRODUCTS CORP,33.85376,-118.35059,1877.0
WM BOLTHOUSE FARMS INC,35.354236,-118.940003,707145.0
CEMEX CONCORD,38.0055,-122.04754,0.0
GEORGIA-PACIFIC GYPSUM LLC,38.0134,-121.79162,932.8965
R & D FASTENERS,34.095524,-117.598968,33000.0
NXEDGE SAN CARLOS,37.50475,-122.25266,0.28
PROCTER & GAMBLE MFG. CO.,38.527079,-121.401445,2812960.31
SIERRA PACIFIC INDUSTRIES LINCOLN DIV,38.9032,-121.3098,22180.28
ELECTRASEM LLC,33.89055,-117.59733,0.0
ROBERTSON'S READY MIX CARROLL CANYON PLANT 32,32.90032,-117.12363,15.492643
KERR DENTAL MATERIALS CENTER,33.80244,-117.87104,58347.0
LIFOAM INDUSTRIES LLC,33.73461,-118.03362,0.0
REX CREAMERY,34.00685,-118.14922,12040.82
ROBERTSONS SAN JACINTO PLANT,33.771412,-116.970683,19.78321
TROJAN BATTERY CO. LLC,33.93896,-118.06872,358280.483
AOCUSA,33.97107,-118.11327,0.0
AOCUSA,34.01078,-118.1907,0.02
AOCUSA,33.98918,-118.20593,0.02
QUIDEL INC,32.89748,-117.1729,32515.2
WESTERN DIGITAL TECHNOLOGIES - FREMONT,37.51248,-121.94155,390116.2
BEHR PROCESS CORP - ALTON,33.70368,-117.8904,0.0
AGC MULTI MATERIAL AMERICA INC.,33.862701,-117.908295,97918.0
NOR-CAL BEVERAGE CO INC.,33.85106,-117.91375,53358.0
VALLEY PLATING WORKS INC,33.99672,-118.15199,3187.011
MB SPORTS,37.336128,-120.602085,8306.0
CEMEX CONSTRUCTION MATERIALS PERKINS RM TEICHERT,38.542626,-121.38293,0.0
MENDOCINO FOREST PRODUCTS CO. LLC,39.179628,-123.204416,646.19
JERSEYMAID MILK PRODUCTS VONS CO INC,33.98607,-118.15083,14744.0
THE NEWARK GROUP INC. DBA GREIF INC.,33.98214,-118.16271,8.221823
K F FIBERGLASS INC,33.939,-118.13574,11922.0
HILL BROTHERS CHEMICAL CO,34.01952,-117.97661,38.5
HILL BROTHERS CHEMICAL CO,37.382,-121.913889,15.64
SEMCO ENTERPRISES INC,34.01614,-117.9567,44108.202999999994
GKN AEROSPACE TRANSPARENCY SYSTEMS INC.,33.787198,-118.001526,47239.0
SPI SONORA DIV,37.96492,-120.31906,0.174217
RALPHS GROCERY CO-RIVERSIDE DISTRIBUTION,33.93122,-117.30513,15969.86
BRAXTON CARIBBEAN MFG CO INC,33.71593,-117.80732,24588.0
MITSUBISHI CHEMICAL CARBON FIBER & COMPOSITES INC.,38.51915,-121.37583,2584453.0
CHEMICALS INC,34.03738,-117.51016,1.0
KYOCERA INTERNATIONAL INC,32.82083,-117.14228,9841.46
CMC REBAR FRESNO,36.69961,-119.7732,0.0
WATKINS MANUFACTURING,33.14258,-117.23626,7551.26
US NAVY NAVAL AIR FACILITY EL CENTRO,32.780033,-115.54888,33009.0
BRASSTECH INC.,33.729081,-117.854037,17802.246
BRASSTECH INC.,33.70505,-117.86393,338575.04
HEXPOL CITY OF INDUSTRY,34.01622,-117.956195,327.0
SAFETY-KLEEN SYSTEMS INC,37.91934,-122.374694,0.475
HUGHES BROS AIRCRAFTERS INC,33.92819,-118.16963,4019.143
CONCRETE INC,37.94653,-121.29628,318.78
CONRAD WOOD PRESERVING CO,38.96539,-122.01286,0.0
CALSTONE SAN MARTIN-OLDCASTLE APG,37.09191,-121.61021,0.12789
LAIRD COATINGS CORP,33.73635,-118.03118,16.247
EXPRESS MANUFACTURING INC.,33.71391,-117.91686,849.5
QG PRINTING II LLC,37.31635,-120.50988,12846.0
STEWART FILMSCREEN CORP,33.81248,-118.29626,38482.898
MORGAN TRUCK BODY LLC  MCA,33.92485,-117.40658,0.0
ROCKVIEW DAIRIES INC,33.944173,-118.161462,33882.0
US BORAX INC.,33.75687,-118.26559,78851.75
THE JANKOVICH CO PARAMOUNT FIXED FACILITY,33.90574,-118.16889,0.0
INFINITI SOLUTIONS USA INC.,37.41257,-121.94964,90.024432
MEDICAL ILLUMINATIION INTL,34.28236,-118.43016,0.0
SHELL CHEMICAL LP - MARTINEZ CATALYST PLANT,38.025771,-122.11613,425959.83999999997
GOLDEN QUEEN MINING CO LLC,34.99646,-118.18322,6.57
RANTEC POWER SYSTEMS INC,35.31317,-120.8289,295.0
THERMALRITE,34.092424,-117.56533,0.0
ALEXIS OIL CO,33.88831,-117.60522,0.0
CEMEX LOS ANGELES PLANT,34.06621,-118.22276,0.0
ADELANTO PLANT 19,34.56105,-117.39785,58.002408
AERO CHROME PLATING,34.2134,-118.45204,0.0
NINTH AVE FOODS,34.02535,-117.97243,141407.0
NUPLA CORP LLC,34.24036,-118.39228,1805.0
PACIFIC GALVANIZING INC.,37.766158,-122.217597,558192.69
AMERICAN RENOLIT CORP LA,33.99084,-118.13381,255.0
PRODUCERS DAIRY FOODS INC,38.20392,-122.15593,32091.0
CALIFORNIA DAIRIES INC TURLOCK,37.49033,-120.88539,825611.0
VALLEY METALS LLC,32.93731,-117.04418,11863.0
FOSTER TURKEY PRODUCTS FTP-1,37.486389,-120.846111,160788.0
PRC COMPOSITES LLC,34.04748,-117.64165,500.0
REDMAN EQUIPMENT & MANUFACTURING CO,33.851743,-118.29924,105025.0
CAPTIVEAIRE SYSTEMS INC,40.503373,-122.303512,136794.0
CORONA PLANT 30,33.862155,-117.528283,65.233708
HELENA INDUSTRIES LLC,36.71889,-120.05155,5028.0
CEMEX INGLEWOOD PLANT,33.96623,-118.36397,0.0
SOUTHWEST CONCRETE PRODUCTS ONTARIO PLANT,34.05802,-117.68084,6.0
IMPERIAL WESTERN PRODUCTS INC,33.65771,-116.15811,31453.0
SIERRA PACIFIC INDUSTRIES QUINCY DIV,39.93909,-120.91127,29959.498000000003
WOODLAND PLANT,38.69241,-121.848462,0.06
NOVACAP INC,34.43157,-118.57383,252.0
GOLD BOND BUILDING PRODUCTS - LONG BEACH,33.780364,-118.217951,0.3
MESSER LLC,33.84718,-118.332562,8266.0
CALSTONE GILROY-OLDCASTLE APG,36.98579,-121.55085,0.12107
TELEDYNE INSTRUMENTS-ANALYTICAL INSTRUMENTS,34.00765,-117.93885,988.8
PIONEER AMERICAS LLC(DBA OLIN CHLOR ALKALI PRODUCTS SFS),33.957996,-118.075275,0.045
QUIKRETE - CITY OF INDUSTRY CA PLANT,34.04849,-117.993144,0.0
AB&I FOUNDRY,37.749819,-122.19389,70632.3
CEMEX TRACY,37.678668,-121.43442,0.0
SANTA FE SPRINGS PLANT 10,33.91977,-118.05813,15.958663
CIRCUIT SERVICES LLC,34.22824,-118.53957,16.18
VISION SYSTEMS INC.,32.848409,-116.953895,14523.0
SUMITOMO ELECTRIC INTERCONNECT PRODUCTS INC,33.144137,-117.182251,149910.0
AMERICAN HANDFORGE,34.09906,-117.38746,12606.0
SOUTHWESTERN WIRE INC,38.65073,-121.39599,304.5
SPRECKELS SUGAR CO INC.,32.9098,-115.5668,118230.0
HOLCIM SOLUTIONS & PRODUCTS US LLC,33.78446,-118.00582,6213.0
CATALINA PACIFIC CONCRETE CO EL SEGUNDO PLANT,33.91209,-118.3787,24.6
PAC FOUNDRIES-INDUSTRY,34.00765,-117.93885,1024.7
HOGAN MANUFACTURING INC,37.78266,-120.99629,135062.0
ROBERTSON'S READY MIX FONTANA PLANT 4,34.0628,-117.50471,86.098574
COURT GALVANIZING INC.,38.38948,-121.96672,142018.38
MAXAR SPACE LLC,37.42779,-122.10427,198.0
SORENSON ENGINEERING INC.,34.02287,-117.10518,2437.9
HUCK INTERNATIONAL INC,33.82014,-118.25893,44078.53
WESTLAKE ROYAL ROOFING - RIALTO,34.15935,-117.40462,941.0
VERSUM MATERIALS US LLC,33.11915,-117.28344,16799.0
KENT'S OIL SERVICE INC.,37.9649,-121.24728,1.83
POLYCOAT PRODUCTS,33.90558,-118.046637,2529.0
RIVERSIDE PLANT 1,34.0215,-117.39692,78.221247
AMETEK PROGRAMMABLE POWER,32.88927,-117.17827,560.189426
XERXES CORP,33.85922,-117.83853,160363.0
NET SHAPES INC,34.04269,-117.61424,28819.995
NET SHAPES INC,34.04123,-117.62476,21477.877
US DOE SLAC NATIONAL ACCELERATOR LABORATORY,37.42125,-122.20422,5579.7
PLZ CORP.,33.98292,-117.36131,0.0
HIXSON METAL FINISHING,33.6311,-117.93322,44110.71
FEDERAL BUREAU OF PRISONS FCI MENDOTA,36.720086,-120.396168,414.0
NEW LEAF BIOFUEL,32.695591,-117.139737,10254982.0
WESTLAKE ROYAL STONE LLC - NAPA,38.21154,-122.26193,711.516
MITSUBISHI CHEMICAL CARBON FIBER & COMPOSITES INC,33.69234,-117.84927,334.41
CALIFORNIA NATURAL COLOR,36.75749,-119.69923,29227.8
CIRCUIT SERVICES L.L.C DBA CAREER TECHNOLOGIES CHATSWORTH F,34.24375,-118.60246,1040.187
SHEPARD BROS. INC.,33.92705,-117.94174,0.0
PRECISION STAMPINGS SOLUTIONS INC. DBA SMALL PARTS INC.,33.92888,-116.98257,195054.0
PENTAIR WATER POOL & SPA,34.278942,-118.895165,0.0
GRANITE ROCK CO MONTEREY BRANCH BR341,36.61376,-121.84581,23.4184
KIK SOCAL INC,33.95675,-118.06648,1.0
DAIRY FARMERS OF AMERICA INC. VENTURA,34.32769,-119.29091,15408.5107
PFFJ LLC--CALIFORNIA DIV FEED MILL,35.991081,-119.478797,0.0
SAFEWAY MILK PLANT,37.72531,-122.19195,258621.0
SILVESTRI CALIFORNIA,33.965379,-118.242108,771.0
KDC ONE / COSMETIC LABORATORIES OF AMERICA INC,34.23457,-118.57493,2005.64
HANSON-LORAN CO INC,33.86318,-118.01619,0.0
PACIFIC STAR CHEMICAL LLC D.B.A. NORTHSTAR CHEMICAL,37.62339,-120.9111,16.625
GRANITE CONSTRUCTION CO - HIGHWAY 175,38.990889,-122.938083,374.0
HYDRITE CHEMICAL CO,36.34383,-119.37605,641.05
CEMEX OLD RIVER PLANT,35.25051,-119.10978,0.0
CALIFORNIA CASTING INC,37.92433,-122.35909,0.0
STERIGENICS US LLC LA 50TH,33.99624,-118.19096,312828.0
NUTRA BLEND LLC,36.94997,-120.08484,1202.2
LEX PRODUCTS WEST,34.24127,-118.39192,9506.0
STERIS INC,33.50094,-117.15961,166032.73
BURKE INDUSTRIES INC,37.30804,-121.85421,275.94
SIKA-SANTA FE SPRINGS,33.91718,-118.05953,0.0
ALPHA EMS,37.5036,-121.95685,0.0
SAN DIEGO GALVANIZING INC,32.68771,-117.11657,117.0
ASSOCIATED READY MIXED CONCRETE - SANTA MONICA,34.024911,-118.477464,42.72
CAES SYSTEMS LLC.,32.83792,-117.12532,0.0
PERDUE FOODS LLC - PETALUMA POULTRY PROCESSING PLANT,38.233873,-122.601481,93316.0
ROYAL CIRCUIT SOLUTIONS INC.,36.88236,-121.39058,26059.1
ENNIS-FLINT BAKERSFIELD,35.35691,-119.00358,2487.78
HOLLIDAY ROCK CO - IRWINDALE,34.115201,-118.000346,0.041
DUCOMMUN AEROSTRUCTURES INC ORANGE FACILITY,33.81879,-117.86204,266690.0
HOLLIDAY ROCK - SAN BERNARDINO FACILITY,34.12133,-117.4184,0.05
CEMEX LEMOORE PLANT,36.28244,-119.79893,0.0
CONSTELLATION BRANDS US OPS INC  (DBA MISSION BELL WINERY),36.931224,-120.103919,0.0
HOOD MANUFACTURING INC,33.71155,-117.87123,11516.0
CONTINENTAL HEAT TREATING INC,33.9369,-118.07271,3.87
WESTERN DIGITAL TECHNOLOGIES INC,37.24737,-121.79465,1343814.0
INFINERA CORP,37.4142,-122.02168,27782.16
SHAW DIVERSIFIED SERVICES INC,33.89249,-118.02903,4.06
HENKEL US OPERATIONS CORP,38.02676,-121.94571,3951.0
BALL SCREWS & ACTUATORS CO. INC.,37.481073,-121.933873,7792.2
MARTIN MARIETTA CA READY MIX - SAN LUIS OBIPSO,35.24403,-120.67297,0.012
PTM & W INDUSTRIES INC.,33.937565,-118.05138,0.0
ASTEELFLASH USA CORP.,37.49326,-121.95137,0.0
HESPERIA PLANT 31,34.425432,-117.295843,17.426723
FLORESTONE LLC,36.99044,-120.10398,91267.0
SEW-EURODRIVE,37.61774,-122.04943,0.0
RHINO LININGS CORP,32.88494,-117.16115,0.0
NEWBASIS LLC,33.98802,-117.35721,110210.06
LA LUMBER TREATING LTD.,34.09655,-117.46582,0.0
MARINE CORPS LOGISTICS BASE BARSTOW YERMO ANNEX,34.8895,-116.8687,104.73
HOLLIDAY ROCK CO - MOUNTAIN VIEW,34.11518,-117.68091,0.012
KING SHOCKS,33.781565,-118.009138,0.0
LOS ANGELES GALVANIZING CO.,33.99562,-118.225501,361284.014
HEADWAY TECHNOLOGIES INC.,37.42683,-121.89209,639736.0
FEDERAL CORRECTIONAL COMPLEX VICTORVILLE,34.56864,-117.34836,3314.0
HOLLIDAY ROCK CO  SUN VALLEY,34.22249,-118.37999,0.099
WATERMAN VALVE,36.250545,-119.118393,9651.3
KAGA (U.S.A.) INC.,33.71133,-117.91276,7374.0
CUSTOM MARBLE & ONYX,37.60534,-120.99196,2997.0
ALPHA/DYNO NOBEL,38.94575,-121.34956,1514.0
HYDRANAUTICS,33.21168,-117.35445,2178997.0
PENNZOIL-QUAKER STATE CO (DBA SOPUS PRODUCTS LALP),33.791498,-118.239066,1250.0
CALPORTLAND CO ALAMEDA PLANT,34.012862,-118.236808,35.1
DESIGNER MOLECULES INC,32.9014,-117.10942,31196.0
BRENNTAG PACIFIC INC.,37.920545,-122.373468,500.0
NEWLIGHT TECHNOLOGIES INC,33.7523,-118.03786,256.2
ROBERTSON'S READY MIX,33.928101,-116.983311,62.078577
GRANITE ROCK CO SANTA CRUZ CON,36.98347,-122.03236,58.15091
CERTIFIED ALLOY PRODUCTS INC,33.81568,-118.16763,1232153.5299999998
VALVOLINE,33.9538,-118.0618,0.0
DAVIS WIRE CORP,34.113297,-117.936214,6822.68
TELEDYNE  INSTRUMENTS INC. DBA TELEDYNE RD INSTRUMENTS,32.94001,-117.02896,457.0
AEROFIT LLC,33.857014,-117.898022,73.0
JAMES HARDIE BUILDING PRODUCTS FONTANA,34.05554,-117.46689,481.69
TELEDYNE INSTRUMENTS INC DBA TELEDYNE IMPULSE,32.90299,-117.11389,183.0
HOLLIDAY ROCK CO - ADELANTO,34.558178,-117.386169,0.106
MARTIS VALLEY PLANT,39.332371,-120.123744,0.122
CALPORTLAND TRACY RMC,37.69172,-121.41743,0.0
SURFACE TREATMENT & INSPECTION (ST&I) INC.,33.89319,-118.16811,23310.0
KAVLICO/SENSATA,34.198955,-118.928525,16.0
VALMONT COATINGS CALWEST GALVANIZING,33.83921,-118.23028,11941.0
ACE CLEARWATER ENTERPRISES INC,33.90532,-118.16888,10.100923
U.S. NAVY SAN CLEMENTE ISLAND,33.022727,-118.588293,7565.6
CONFLUENT MEDICAL TECHNOLOGIES,37.480125,-121.926301,82155.0
NORTHROP GRUMMAN EL SEGUNDO,33.927676,-118.383085,7052.0
U.S. COAST GUARD TRAINING CENTER PETALUMA,38.257252,-122.80118,0.0
FOLEY PRODUCTS CO - NAPA,38.21036,-122.2622,0.043966
FEDERAL BUREAU OF PRISONS FCI HERLONG,40.144065,-120.165165,373.62
GREIF PACKAGING LLC,37.31634,-120.51314,51142.74
NORTHROP GRUMMAN AEROSPACE SYSTEMS,33.897927,-118.378706,10.0
SIERRACIN/SYLMAR CORP,34.30224,-118.46243,2185.82
BAY AREA CIRCUITS INC,37.50669,-121.94623,39.052256
LIGHTING RESOURCES LLC,34.041149,-117.639173,103717.0
CARGILL MEAT SOLUTIONS CORP,36.690584,-119.799807,77431.0
KNAUF INSULATION INC.,40.65766,-122.38862,201582.05000000002
AERO-ELECTRIC CONNECTOR INC.,33.843,-118.32349,67000.0
PACIFIC FORGE INC.,34.06146,-117.52412,21001.0
AMPINE: A DIV OF TIMBER PRODUCTS,38.374826,-120.810427,207.9
CLOROX MANUFACTURING CO,38.28048,-121.970959,111.98
HYDRO EXTRUSION USA LLC,33.99685,-117.909774,0.4424
HENRY FRESNO,36.74167,-119.82205,0.87
MARTIN MARIETTA CALIFORNIA READY-MIX LLC - NIPOMO READY MIX,34.995884,-120.437042,0.012
OLDCASTLE PACIFIC STOCKTON,37.90636,-121.26516,0.471
GOLD BOND BUILDING PRODUCTS  - RICHMOND,37.91803,-122.37299,0.2
ANALOG DEVICES  INC,37.40575,-121.91801,41.272
TSI SEMICONDUCTORS AMERICA LLC,38.77518,-121.31299,27992.92
GEORGE INDUSTRIES,34.05938,-118.1781,212277.0
PACIFIC STAR CHEMICAL LLC,33.957279,-118.062438,5.607
MIRAMAR PLANT 33,32.88395,-117.197,78.069241
OSI ELECTRONICS,33.918863,-118.329593,254.02
DUCOMMUN AEROSTRUCTURE INC.,33.882027,-118.27196,10209.0
RIALTO CONCRETE PRODUCTS INC,34.15236,-117.41636,0.0445
HYDRO-AIRE AEROSPACE CORP.,34.19926,-118.34376,167.1994
MERCOTAC INC,33.12336,-117.27241,13.0
REDLANDS PLANT 3,34.101878,-117.208562,80.93136
MARS PETCARE US INC.,34.49038,-117.28761,0.0
SANTA FE MATERIALS WINTON PLANT,37.4585,-120.596214,0.1
QUIKRETE - SACRAMENTO CA PLANT,38.476309,-121.395637,0.0
DELTA GROUP ELECTRONICS,32.90523,-117.10843,54.8
ROBERTSON'S READY MIX LAKE FOREST PLANT 18,33.68068,-117.67823,17.14712
CEMEX MISSION VALLEY PLANT,32.779865,-117.139961,1.0
CCI INC.,34.10242,-117.80011,0.072
GB MANUFACTURING INC CALIF. ACRYLIC IND. INC. (DBA CAL SPAS),34.051944,-117.727835,39059.05
AIRGAS SPECIALTY PRODUCTS-RIVERSIDE CA,33.9575,-117.446663,111829.5
TELEDYNE DEFENSE ELECTRONICS LLC DBA TELEDYNE REYNOLDS,33.853985,-118.296395,123.2
BLUE DIAMOND GROWERS,37.706857,-121.076588,31816.25
SHULTZ STEEL CO,33.951482,-118.174885,95352.0
CONTINUOUS COATING CORP,33.820964,-117.857249,21797.58
CALIFORNIA PAPERBOARD,37.36341,-121.94325,44.44302
QUIKRETE - CORONA CA PLANT,33.821149,-117.509703,1.0
SECHRIST INDUSTRIES INC,33.85946,-117.82469,1824.0
JCI JONES CHEMICALS INC.,33.84683,-118.30366,1430.0
SANMINA CORP,33.66934,-117.87935,39899.34
DECCO US POSTHARVEST INC,34.13287,-117.99503,0.0
ATLAS GALVANIZING LLC,34.00002,-118.22377,220.6
PENNZOIL-QUAKER STATE CO (DBA SOPUS PRODUCTS),35.131467,-118.426938,0.0
WOODLAND WOOD PRESERVERS LTD.,38.69772,-121.74877,0.0
DOLE FRESH VEGETABLES INC,36.454591,-121.355096,0.0
ELECTRO-COATINGS OF CALIFORNIA INC,37.85687,-122.2933,78.0
ESCONDIDO PLANT 36,33.12131,-117.10601,23.12196
WILBUR-ELLIS CO EARLIMART,35.89217,-119.21455,0.0
JG BOSWELL CO OIL MILL,36.090817,-119.558091,20114.58
CEMEX CORONA PLANT,33.7577,-117.48105,0.0
FABRI COTE,33.98565,-118.26241,19022.09
A&A CONCRETE SUPPLY INC CHICO PLANT,39.78215,-121.88718,13.91
CHROME CRAFT,38.517631,-121.377281,611.27
VISTA PAINT CORP,33.85964,-117.89531,1611.37
WESTLAKE ROYAL ROOFING - LATHROP,37.85559,-121.274569,340.0
HOLLIDAY ROCK - CHINO,34.0045,-117.69078,0.055
IRVINE PLANT 21,33.69721,-117.82032,40.244671
TELEDYNE E2V INC.,37.40795,-121.91836,632.0
HUNTSMAN ADVANCED MATERIALS AMERICAS LLC-LA SITE,34.144755,-118.2716,14.7619
PACIFIC SCIENTIFIC ENERGETICS MATERIALS CO CALIFORNIA,36.83765,-121.44991,2178.62
HERBERT MALARKEY ROOFING CO,33.94456,-118.16622,20.3
US NAVY SILVER STRAND TRAINING COMPLEX (SSTC),32.59327,-117.12923,2251.1
AIRGAS SPECIALTY PRODUCTS INC. - HANFORD CA,36.278538,-119.651119,131268.0
MARBLE PALACE,37.946,-121.28525,30.63
RIALTO PLANT 24,34.147153,-117.416432,79.240289
SNAP-ON SPECIALTY TOOLS,33.99899,-117.88205,276.0
CALPORTLAND HANFORD RMC,36.3135,-119.59773,0.0
CERTIS USA,35.59687,-119.33332,0.0
SURVIVAL SYSTEMS INTERNATIONAL INC,33.2734,-116.95368,1574.4
RALPHS GROCERY CO COMPTON,33.87038,-118.23585,17975.5
PARALLEL PRODUCTS OF CALIFORNIA,34.099067,-117.537462,17989.0
SONOCO PROTECTIVE SOLUTIONS INC,37.63328,-122.124967,0.0
